CREATE TABLE `vendas` (
  `id` int(11) NOT NULL AUTO_INCREMENT,
  `forma_pagamento` text,
  `total_venda` decimal(5,2) DEFAULT NULL,
  `criada_em` timestamp NOT NULL DEFAULT CURRENT_TIMESTAMP,
  PRIMARY KEY (`id`)
) ENGINE=InnoDB AUTO_INCREMENT=107 DEFAULT CHARSET=latin1;

CREATE TABLE `roupas` (
  `id` int(11) NOT NULL AUTO_INCREMENT,
  `nome` text,
  `qtd` int(11) DEFAULT NULL,
  `valor_compra` decimal(5,2) DEFAULT NULL,
  `valor_venda` decimal(5,2) DEFAULT NULL,
  `created_at` timestamp NOT NULL DEFAULT CURRENT_TIMESTAMP,
  `vendido` tinyint(1) DEFAULT '0',
  PRIMARY KEY (`id`)
) ENGINE=InnoDB AUTO_INCREMENT=464 DEFAULT CHARSET=latin1;

ALTER TABLE `roupas`
ADD COLUMN `imagem_base64` LONGTEXT NULL AFTER `valor_venda`;

ALTER TABLE `roupas` 
ADD COLUMN `extensao` VARCHAR(10) NULL AFTER `imagem_base64`;

CREATE TABLE `venda_produto` (
  `id_venda` int(11) NOT NULL,
  `id_produto` int(11) NOT NULL,
  `qtd_produto` int(11) DEFAULT NULL,
  `created_at` timestamp NOT NULL DEFAULT CURRENT_TIMESTAMP,
  KEY `venda__fk` (`id_venda`),
  KEY `produto__fk` (`id_produto`),
  CONSTRAINT `produto__fk` FOREIGN KEY (`id_produto`) REFERENCES `roupas` (`id`),
  CONSTRAINT `venda__fk` FOREIGN KEY (`id_venda`) REFERENCES `vendas` (`id`)
) ENGINE=InnoDB DEFAULT CHARSET=latin1;

insert INTO `vendas` VALUES (12,'Cartão',45.00,'2022-09-18 22:58:34'),(13,'Cartão',65.00,'2022-09-18 23:00:46'),(14,'Dinheiro',28.00,'2022-09-18 23:01:45'),(15,'Pix',28.00,'2022-09-18 23:02:51'),(16,'Pix',19.99,'2022-10-04 13:46:48'),(17,'Pix',39.99,'2022-10-04 13:47:41'),(18,'Pix',69.99,'2022-10-04 13:48:46'),(19,'Pix',59.99,'2022-10-04 13:51:18'),(20,'Pix',60.00,'2022-10-04 13:52:31'),(21,'Pix',19.99,'2022-10-04 13:53:17'),(22,'Dinheiro',70.00,'2022-10-04 13:54:18'),(23,'Cartão',90.00,'2022-10-04 15:42:48'),(24,'Cartão',29.99,'2022-10-04 23:44:58'),(25,'Cartão',34.99,'2022-10-04 23:51:19'),(26,'Dinheiro',39.99,'2022-10-04 23:51:56'),(27,'Dinheiro',49.99,'2022-10-04 23:53:47'),(28,'Pix',29.99,'2022-10-04 23:55:56'),(29,'Dinheiro',49.99,'2022-10-04 23:58:14'),(30,'Dinheiro',39.99,'2022-10-05 00:22:29'),(31,'Cartão',49.99,'2022-10-07 15:35:53'),(32,'Pix',95.00,'2022-10-07 15:39:14'),(33,'Dinheiro',75.00,'2022-10-12 21:34:06'),(34,'Dinheiro',100.00,'2022-10-12 22:02:03'),(35,'Dinheiro',34.00,'2022-10-12 22:22:13'),(36,'Cartão',27.00,'2022-10-12 22:26:56'),(37,'Cartão',50.00,'2022-10-14 22:53:06'),(38,'Dinheiro',50.00,'2022-10-14 22:55:34'),(39,'Dinheiro',45.00,'2022-10-14 23:03:58'),(40,'Dinheiro',55.00,'2022-10-14 23:07:30'),(41,'Dinheiro',84.00,'2022-10-16 00:29:52'),(42,'Pix',23.00,'2022-10-16 00:31:36'),(43,'Dinheiro',34.99,'2022-10-16 00:32:18'),(44,'Dinheiro',59.99,'2022-10-16 00:37:08'),(45,'Fiado',70.00,'2022-10-17 12:41:55'),(46,'Dinheiro',50.00,'2022-10-22 16:44:49'),(47,'Fiado',50.00,'2022-10-22 16:45:21'),(48,'Dinheiro',50.00,'2022-10-22 17:09:56'),(49,'Fiado',25.00,'2022-10-26 15:36:26'),(50,'Cartão',38.00,'2022-10-26 21:08:55'),(51,'Dinheiro',80.00,'2022-10-26 21:11:05'),(52,'Dinheiro',22.90,'2022-10-27 20:35:33'),(53,'Dinheiro',19.99,'2022-10-27 20:36:01'),(54,'Pix',39.99,'2022-10-27 20:37:05'),(55,'Cartão',29.99,'2022-10-27 20:39:09'),(56,'Pix',49.99,'2022-10-27 20:39:47'),(57,'Dinheiro',55.00,'2022-10-29 16:09:07'),(58,'Dinheiro',27.00,'2022-10-29 16:09:46'),(59,'Cartão',35.00,'2022-10-29 22:06:34'),(60,'Dinheiro',19.99,'2022-10-29 22:07:14'),(61,'Cartão',145.00,'2022-10-31 10:49:22'),(62,'Pix',110.00,'2022-11-02 14:01:01'),(63,'Pix',50.00,'2022-11-02 14:01:55'),(64,'Pix',55.00,'2022-11-03 20:21:24'),(65,'Pix',60.00,'2022-11-05 14:01:18'),(66,'Dinheiro',25.00,'2022-11-05 14:01:45'),(67,'Dinheiro',85.00,'2022-11-07 20:47:22'),(68,'Pix',40.00,'2022-11-07 20:49:38'),(69,'Dinheiro',30.00,'2022-11-07 20:50:34'),(70,'Cartão',50.00,'2022-11-07 21:52:47'),(71,'Pix',120.00,'2022-11-07 21:58:49'),(72,'Cartão',60.00,'2022-11-08 15:31:38'),(73,'Cartão',14.99,'2022-11-08 21:40:10'),(74,'Pix',14.99,'2022-11-08 21:41:46'),(75,'Cartão',55.00,'2022-11-08 21:44:02'),(76,'Pix',75.00,'2022-11-08 21:47:59'),(77,'Dinheiro',95.00,'2022-11-08 21:55:46'),(78,'Pix',50.00,'2022-11-08 21:58:37'),(79,'Dinheiro',15.00,'2022-11-09 22:27:03'),(80,'Pix',140.00,'2022-11-11 17:39:33'),(81,'Dinheiro',55.00,'2022-11-11 17:42:58'),(82,'Dinheiro',83.00,'2022-11-11 17:46:05'),(83,'Cartão',125.00,'2022-11-17 22:36:50'),(84,'Pix',19.99,'2022-11-17 22:37:33'),(85,'Cartão',131.00,'2022-11-23 21:33:41'),(86,'Pix',25.00,'2022-11-28 00:41:58'),(87,'Pix',85.00,'2022-11-29 12:28:43'),(88,'Cartão',95.00,'2022-11-29 12:29:52'),(89,'Pix',50.00,'2022-11-30 13:45:50'),(90,'Pix',120.00,'2022-11-30 13:47:42'),(91,'Pix',155.00,'2022-11-30 23:37:37'),(92,'Cartão',125.00,'2022-11-30 23:39:05'),(93,'Dinheiro',20.00,'2022-12-01 17:28:16'),(94,'Dinheiro',35.00,'2022-12-01 17:30:29'),(95,'Pix',75.00,'2022-12-02 12:26:50'),(96,'Dinheiro',70.00,'2022-12-02 12:27:59'),(97,'Cartão',55.00,'2022-12-02 20:12:39'),(98,'Pix',55.00,'2022-12-02 20:15:19'),(99,'Pix',80.00,'2022-12-02 20:21:16'),(100,'Dinheiro',100.00,'2022-12-02 20:23:02'),(101,'Pix',29.99,'2022-12-07 15:06:00'),(102,'Pix',9.99,'2022-12-07 15:06:30'),(103,'Dinheiro',195.00,'2022-12-17 12:02:52'),(104,'Cartão',70.00,'2022-12-17 12:03:40'),(105,'Fiado',140.00,'2022-12-17 12:06:22'),(106,'Cartão',55.00,'2022-12-17 12:55:55');
INSERT INTO `roupas` VALUES (19,'bolsa de praia com chaveiro fluflu',1,25.00,49.99,'2022-09-14 22:42:45',0),(20,'bag balada chanel',2,65.00,99.99,'2022-09-14 22:45:37',0),(21,'bag balada GG alça corrente',3,35.00,64.99,'2022-09-14 22:47:26',0),(22,'bag balada prada alça de corrente',1,35.00,64.99,'2022-09-14 22:52:36',0),(23,'bolsinha ziper na frente [nylon]',2,20.00,39.99,'2022-09-14 22:58:06',0),(24,'bag pespontada verde lima',1,48.00,79.99,'2022-09-14 22:59:29',0),(25,'porta celular ziper',1,35.00,64.99,'2022-09-14 23:00:29',0),(26,'clutch baladinha [P]',1,18.00,34.99,'2022-09-14 23:04:21',1),(27,'bolsa alça de perola',1,60.00,94.99,'2022-09-14 23:05:37',1),(28,'bolsinha basica alça fina',1,15.00,29.99,'2022-09-14 23:06:39',1),(29,'bolsa brilho quadrada [M]',1,65.00,94.99,'2022-09-14 23:08:30',0),(30,'bolsa brilho lua',1,65.00,84.99,'2022-09-14 23:09:57',0),(31,'bolsa carteira',1,15.00,24.99,'2022-09-14 23:10:55',0),(32,'bolsa schutz [M]',1,75.00,120.00,'2022-09-14 23:12:21',0),(33,'cinto brilho fininho',2,7.00,14.99,'2022-09-14 23:13:19',1),(34,'cinto fino fivela quadrada',2,5.00,9.99,'2022-09-14 23:14:06',1),(35,'cinto largo fivela quadrada',5,5.00,12.99,'2022-09-14 23:15:17',0),(37,'cinto fivela de coraçao [G]',2,15.00,24.99,'2022-09-14 23:18:35',0),(38,'cinto CK',1,15.00,24.99,'2022-09-14 23:19:11',0),(39,'cinto fivela forrada',2,10.00,19.99,'2022-09-14 23:20:16',0),(40,'cinto corrente fino',1,15.00,24.99,'2022-09-14 23:21:06',0),(41,'cinto corrente grosso',1,25.00,44.99,'2022-09-14 23:21:59',0),(42,'cinto coraçao [P]',1,15.00,24.99,'2022-09-14 23:22:58',0),(43,'fita para os peitos',3,15.00,29.99,'2022-09-14 23:24:07',1),(44,'cinto GG',2,10.00,24.99,'2022-09-14 23:25:07',1),(45,'argola tigre [P]',1,5.00,9.99,'2022-09-14 23:26:28',0),(46,'argola tigre [M]',1,5.00,9.99,'2022-09-14 23:27:15',0),(47,'argola tigre [G]',1,5.00,12.99,'2022-09-14 23:27:57',0),(48,'argola pontinhos dourada',2,4.00,9.99,'2022-09-14 23:28:52',1),(49,'argola trança',1,4.00,12.99,'2022-09-14 23:29:30',0),(50,'argola bolinha dourada',-1,4.00,12.99,'2022-09-14 23:30:09',1),(51,'argola formato pneu dourada',1,4.00,12.99,'2022-09-14 23:30:57',0),(52,'argola brilho oval',1,12.00,22.99,'2022-09-14 23:31:54',1),(53,'argolas stras medias',2,8.00,17.99,'2022-09-14 23:32:38',0),(54,'brinco sol dourado',1,4.00,12.99,'2022-09-14 23:33:26',0),(55,'brinco coraçao dourado',1,4.00,12.99,'2022-09-14 23:34:15',0),(56,'brinco botao brilho',0,12.00,23.99,'2022-09-14 23:35:22',1),(57,'brinco borboleta dourado',0,10.00,24.99,'2022-09-14 23:36:22',1),(58,'choker de brilho basica',3,10.00,24.99,'2022-09-14 23:38:14',0),(59,'colar tres voltas dourado',1,13.00,29.99,'2022-09-14 23:39:00',0),(60,'tiara perola trancada',1,8.00,19.99,'2022-09-14 23:39:53',0),(61,'tiara stras',0,8.00,19.99,'2022-09-14 23:40:37',1),(62,'tiara miçanga transparente',1,6.00,14.99,'2022-09-14 23:41:52',0),(63,'tiara cristal rosa',1,5.00,9.99,'2022-09-14 23:42:30',0),(64,'choker miçanga olho grego',1,5.00,9.99,'2022-09-14 23:43:26',0),(65,'kit de pulseira e brinco miçanga',2,8.00,14.99,'2022-09-14 23:44:49',0),(66,'kit pulseira de miçanga',2,4.00,9.99,'2022-09-14 23:45:39',0),(67,'choker aro pedra dourado',2,10.00,19.99,'2022-09-14 23:46:58',0),(68,'conjunto olho grego em formato coraçao',0,15.00,29.99,'2022-09-14 23:48:17',1),(69,'conjunto de calça plus',2,45.00,74.99,'2022-09-14 23:49:22',0),(70,'conjunto de short plus',1,30.00,49.99,'2022-09-14 23:50:20',0),(71,'blusa golinha canelada',3,8.00,19.99,'2022-09-14 23:51:39',0),(72,'vestido elastex luxo',2,40.00,74.99,'2022-09-14 23:52:41',0),(73,'chemise mangas curta no viscolinho',0,30.00,59.99,'2022-09-14 23:54:04',1),(74,'calça pantalona lisa',0,28.00,49.99,'2022-09-14 23:55:15',1),(75,'macacao  elastex na cintura no crepe duna',1,35.00,59.99,'2022-09-14 23:56:29',0),(76,'vestido mide babado no ombro',1,35.00,59.99,'2022-09-14 23:57:49',0),(77,'vestido longo tirinha atras banana',1,40.00,79.99,'2022-09-14 23:58:54',0),(78,'saia pedraria',1,20.00,34.99,'2022-09-14 23:59:40',0),(79,'regatinha no suplex lisa',2,9.00,19.99,'2022-09-15 00:01:14',1),(80,'short com cinto no neoprene',0,30.00,54.99,'2022-09-15 00:02:23',1),(81,'short com cinto no crepe',1,30.00,54.99,'2022-09-15 00:03:26',0),(82,'calça com cinto no crepe',1,38.00,64.99,'2022-09-15 00:04:43',0),(83,'short viscose amaraçao',0,12.00,19.99,'2022-09-15 00:05:56',1),(84,'short alfaiataria bolso na frente',1,27.50,59.99,'2022-09-15 00:07:07',0),(85,'croopde alfaiataria manga comprida bolso na frente',1,27.50,59.99,'2022-09-15 00:08:37',0),(86,'calça cenoura com cinto alfaiataria',2,55.00,89.99,'2022-09-15 00:09:39',0),(87,'cassaco no lurex',0,45.00,79.99,'2022-09-15 00:10:35',1),(88,'top amarraçao no pescoço',1,10.00,19.99,'2022-09-15 00:11:35',1),(89,'calça pantalona fenda',3,25.00,49.99,'2022-09-15 00:13:01',0),(90,'croopde babado lateral no duna',2,12.00,24.99,'2022-09-15 00:14:27',1),(91,'vestido elastex basico',1,9.00,19.99,'2022-09-15 00:15:35',1),(92,'conjunto de saia mide no crepe duna',1,40.00,74.99,'2022-09-15 00:16:25',0),(93,'vestido elastex e babado na onça',0,18.00,44.99,'2022-09-15 00:17:43',1),(94,'blusa elastex no pescoço',0,15.00,29.99,'2022-09-15 00:18:45',1),(95,'blusa de babado na manga no fio torcido',1,15.00,29.99,'2022-09-15 00:20:24',1),(96,'blusa golinha canelada premium',2,15.00,29.99,'2022-09-15 00:21:30',0),(97,'blusa de manga comprida franzida suede',1,15.00,29.99,'2022-09-15 00:22:45',1),(98,'cardigan fio torcido',1,12.00,24.99,'2022-09-15 00:24:01',1),(99,'blusa basica manguinha suede',2,12.00,24.99,'2022-09-15 00:24:45',0),(100,'croopde manga comprida frente franzida',0,20.00,39.99,'2022-09-15 00:26:01',1),(101,'croopde manga comprida botoes encapado',1,22.00,39.99,'2022-09-15 00:27:14',0),(102,'croopde manga comprida botoes na frente viscose',1,20.00,39.99,'2022-09-15 00:29:32',0),(103,'croopde manga comprida bojo',1,25.00,39.99,'2022-09-15 00:30:40',0),(104,'croopde babado nas mangas no crepe luxo',1,22.00,44.99,'2022-09-15 00:31:49',0),(105,'croopde paete um ombro so',1,28.00,49.99,'2022-09-15 00:32:52',0),(106,'blusa manguinha canelada',3,8.00,19.99,'2022-09-15 00:33:59',0),(107,'blusa borboleta G',1,15.00,29.99,'2022-09-15 00:34:36',1),(108,'blusa nozinho G',0,15.00,29.99,'2022-09-15 00:35:10',1),(109,'tshirt tigre',1,14.00,29.99,'2022-09-15 00:36:11',1),(110,'tshirt croopde com manguinha dobrada',2,14.00,29.99,'2022-09-15 00:37:26',0),(111,'croopde coraçao com elastico embaixo',1,14.00,29.99,'2022-09-15 00:38:26',0),(112,'tshirt croopded com paete nas mangas',0,20.00,39.99,'2022-09-15 00:39:45',1),(113,'body do brasil manguinha',0,12.00,24.99,'2022-09-15 00:40:33',1),(114,'body do brasil alcinha',0,12.00,24.99,'2022-09-15 00:41:19',1),(115,'short babadinho forrado no viscose',1,13.00,24.99,'2022-09-15 00:42:26',1),(116,'conjunto de short\\saia e croopde',0,25.00,44.99,'2022-09-15 00:44:01',1),(117,'conjunto de short e croopde babado na alça no viscolinho',2,25.00,44.99,'2022-09-15 00:45:32',0),(118,'conjunto em viscose tres peças',1,35.00,69.99,'2022-09-15 00:47:09',0),(119,'conjunto em viscose no croopde manguinha',1,32.00,59.99,'2022-09-15 00:48:36',0),(120,'conjunto em viscose croopde ciganinha',1,32.00,54.99,'2022-09-15 00:51:10',0),(121,'macaquinho pontas viscose',1,32.00,59.99,'2022-09-15 14:26:02',0),(122,'short saia em montaria',1,15.00,24.99,'2022-09-15 14:27:03',1),(123,'short em linho ziper lateral com cinto',1,35.00,59.99,'2022-09-15 14:28:14',0),(124,'short em linho com cinto perninha dobrada',1,35.00,59.99,'2022-09-15 14:29:08',1),(125,'short em alfaiataria botoes forrado',2,35.00,59.99,'2022-09-15 14:30:14',0),(126,'short saia com cinto no crepe',1,28.00,54.99,'2022-09-15 14:32:40',0),(127,'short saia no crepe com cinto',0,30.00,54.99,'2022-09-15 14:33:46',1),(128,'short com cinto no crepe',1,28.00,54.99,'2022-09-15 14:34:59',0),(129,'saia amassadinha pink vazada',1,16.00,24.99,'2022-09-15 14:36:56',0),(130,'short em paetes',1,26.00,0.00,'2022-09-15 14:37:41',0),(131,'short paetes na frente',0,26.00,39.99,'2022-09-15 14:39:27',1),(132,'short com cinto e botoes forrados no crepe',1,30.00,54.99,'2022-09-15 14:40:37',0),(133,'short clochard amarraçao larga no linho',1,13.00,24.99,'2022-09-15 14:45:49',1),(136,'short em linho elastico',1,13.00,24.99,'2022-09-18 20:56:49',0),(137,'calça pantalona no crepe duna 1 botao',2,35.00,59.99,'2022-09-18 21:00:58',0),(138,'calça jogger no bengaline',1,25.00,39.99,'2022-09-18 21:04:56',1),(139,'calça jogger no viscose',0,25.00,39.99,'2022-09-18 21:05:44',1),(140,'calça clochard no linho listras',0,22.00,34.99,'2022-09-18 21:07:31',1),(141,'macaquinho 3D no crepe luxo',1,42.00,74.99,'2022-09-18 21:08:31',0),(142,'vestido um ombro só com babado no crepe luxo',1,42.00,74.99,'2022-09-18 21:15:33',1),(143,'saida de praia de bolinha',0,20.00,34.99,'2022-09-18 21:16:25',1),(144,'short em alfaiataria vazado nos lados com cinto',1,30.00,59.99,'2022-09-18 21:18:32',0),(145,'short em alfaiataria trança na cintura',1,29.00,59.99,'2022-09-18 21:23:06',0),(146,'short inpiraçao farm bengaline botoes na frente',1,29.00,54.99,'2022-09-18 21:24:35',0),(147,'short inspiracao farm bengaline bolso na lateral',1,29.00,54.99,'2022-09-18 21:25:46',0),(148,'croopde inspiracao farm manga bufante',1,32.00,54.99,'2022-09-18 21:27:31',0),(149,'croopde inspiraçao farm amarraçao na frente',1,32.00,54.99,'2022-09-18 21:28:33',0),(150,'body do brassil frente unica',0,18.00,29.99,'2022-09-18 21:29:58',1),(151,'vestido alcinha e X na lateral',1,15.00,24.99,'2022-09-18 21:31:21',0),(152,'vestido alcinha vazado na lateral',1,15.00,24.99,'2022-09-18 21:32:30',0),(153,'vestido golinha canelado',1,11.00,14.99,'2022-09-18 21:33:41',0),(154,'vestido manguinha canelado',1,11.00,14.99,'2022-09-18 21:34:18',0),(155,'vestido nozinho do lado no crepe duna',1,35.00,64.99,'2022-09-18 21:40:03',0),(156,'vestido alcinha amarraçao atras no viscose',1,25.00,44.99,'2022-09-18 21:41:11',1),(157,'vestido 3D no suplex',1,22.00,39.99,'2022-09-18 21:43:05',1),(158,'short saia com cinto no suplex grosso',3,25.00,44.99,'2022-09-18 21:44:45',0),(159,'blusa alcinha botoes no crepe liso',2,15.00,27.99,'2022-09-18 21:46:41',0),(160,'blusa alcinha lisa no crepe duna',2,15.00,27.99,'2022-09-18 21:48:03',1),(161,'blusa alcinha trança no busto no crepe liso',2,15.00,27.99,'2022-09-18 21:49:30',1),(162,'blusa alcinha botoes de perola no crepe liso',1,15.00,27.99,'2022-09-18 21:50:49',1),(163,'blusa manguinha princesa no crepe liso',0,15.00,27.99,'2022-09-18 21:51:58',1),(164,'blusa manguinha babado no crepe liso',1,15.00,27.99,'2022-09-18 21:53:08',0),(165,'blusa manguinha dupla no crepe liso',1,15.00,27.99,'2022-09-18 21:54:12',0),(166,'blusa manguinha nuvem no crepe liso',1,15.00,27.99,'2022-09-18 21:55:18',0),(167,'macaquinho em viscose nó na frente',0,25.00,39.99,'2022-09-18 21:56:22',1),(168,'macaquinho alcinha de babado no viscose',1,25.00,39.99,'2022-09-18 21:57:34',0),(169,'croopde reto no tricot',7,10.00,19.99,'2022-09-18 22:06:04',1),(170,'blusa garrafinha com babado no tricot',0,12.00,19.99,'2022-09-18 22:06:52',1),(171,'croopde com babado embaixo',1,12.00,19.99,'2022-09-18 22:07:53',1),(172,'croopde nuvem embaixo amarracao no pescoço no tricot',3,12.00,19.99,'2022-09-18 22:09:10',0),(173,'blusa garrafinha em tricot',1,12.00,19.99,'2022-09-18 22:10:01',1),(174,'casaco aberto na frente no tricot',2,27.00,49.99,'2022-09-18 22:11:09',1),(175,'blusao com pedraria',0,20.00,34.99,'2022-09-18 22:12:16',1),(176,'body manga comprida no tule',1,15.00,24.99,'2022-09-18 22:13:14',0),(177,'saia em paete',0,25.00,44.99,'2022-09-18 22:13:54',1),(178,'biquini cortininha franzido sem bojo',2,15.00,24.99,'2022-09-18 22:15:57',0),(179,'biquine cortininha com babado',1,15.00,24.99,'2022-09-18 22:16:49',0),(180,'biquini cintura alta com bojo',1,15.00,24.99,'2022-09-18 22:18:06',0),(181,'biquini tomara que caia com bojo',1,15.00,24.99,'2022-09-18 22:18:47',0),(182,'biquini cortininha estampado',1,15.00,24.99,'2022-09-18 22:19:50',0),(183,'body/maio vazado na barriga',1,18.00,29.99,'2022-09-18 22:21:12',0),(184,'biquini cortininha',4,15.00,24.99,'2022-09-18 22:22:14',0),(185,'biquini cintura alta com vazado na calcinha',0,15.00,24.99,'2022-09-18 22:23:12',1),(186,'biquini cortininha fio dental',2,8.00,19.99,'2022-09-18 22:24:09',0),(187,'saidinha de praia frajinha',1,10.00,19.99,'2022-09-18 22:24:51',0),(188,'short jeans cortado a lazer com bordado de onça',5,30.00,54.99,'2022-09-18 22:26:30',0),(189,'short jeans plus la bella',1,30.00,54.99,'2022-09-18 22:27:24',0),(190,'short jeans destroide com bolso',1,25.00,39.99,'2022-09-18 22:28:17',0),(191,'short jeans plus perninha dobrada',1,30.00,49.99,'2022-09-18 22:29:05',0),(192,'short jeans jl jeans [pedraria]',1,29.00,49.99,'2022-09-18 22:30:29',0),(193,'bermuda jeans preta',1,25.00,39.99,'2022-09-18 22:31:19',0),(194,'short jeans kR jeans',1,20.00,34.99,'2022-09-18 22:32:14',0),(195,'short jeans [secret jeans]',0,25.00,34.99,'2022-09-18 22:33:36',1),(196,'short jeans botao flor',1,20.00,34.99,'2022-09-18 22:34:28',1),(197,'short jeans pedraria e bolso',1,30.00,49.99,'2022-09-18 22:35:50',1),(198,'short jeans jL perna cortada a lazer',2,30.00,54.99,'2022-09-18 22:45:21',0),(199,'short jeans JL jeans cortado a lazer',1,30.00,54.99,'2022-09-18 22:47:28',1),(200,'short jeans JL jeans com botoes encapados',1,30.00,54.99,'2022-09-18 22:49:50',1),(201,'short jeans JL jeans destroide abertura do lado',1,30.00,54.99,'2022-09-18 22:51:10',1),(202,'macaquinho jeans manguinha bufante',2,50.00,89.99,'2022-09-18 22:52:02',0),(203,'saia jeans JL jeans',3,30.00,54.99,'2022-09-18 22:52:55',0),(204,'calça mom com cinto',2,45.00,79.99,'2022-09-18 22:55:11',0),(205,'calça wide leg D`belle jeans',3,50.00,84.99,'2022-09-18 23:06:45',0),(206,'calça skine d`luxxe jeans',1,38.00,59.99,'2022-09-18 23:08:23',1),(207,'short jeans com cinto [maluky]',3,38.00,59.99,'2022-09-18 23:09:34',0),(208,'conjunto de saia e croopde com franjinha',1,35.00,59.99,'2022-09-18 23:22:51',0),(209,'croopde amarrado na frente',0,10.00,19.99,'2022-09-18 23:23:58',1),(210,'croopde manga comprida [canelado]',1,16.00,24.99,'2022-09-18 23:26:04',0),(211,'vestido canelado golinha e fenda',0,11.00,19.99,'2022-09-18 23:33:34',1),(212,'saia no neoprene com fenda',1,13.00,19.99,'2022-09-18 23:34:38',0),(213,'vestido soltinho manga comprida no viscolinho',1,35.00,59.99,'2022-09-18 23:35:46',1),(214,'croopde renda alça larga',1,12.00,19.99,'2022-09-18 23:36:27',0),(215,'croopde alçinha decote V na frente',1,18.00,29.99,'2022-09-18 23:38:18',0),(216,'croopde golinha no canelado',1,10.00,19.99,'2022-09-18 23:39:02',1),(217,'croopde no tule com lurex',1,40.00,49.99,'2022-09-18 23:40:01',0),(218,'croopde um ombro só no crepe',1,22.00,44.99,'2022-09-18 23:40:52',0),(219,'croopde manga princesa decote V',0,15.00,24.99,'2022-09-18 23:41:38',1),(220,'croopde lurex franzido na frente',2,14.00,24.99,'2022-09-18 23:42:34',0),(221,'vestido suplex um ombro só de renda na manga',1,38.00,64.99,'2022-09-18 23:44:17',0),(222,'vestido canelado babado nas mangas',1,11.00,19.99,'2022-09-18 23:45:22',0),(223,'croopde em paetes frente unica',1,20.00,34.99,'2022-09-18 23:46:06',0),(224,'croopde em renda decote V',1,20.00,34.99,'2022-09-18 23:47:05',0),(225,'macaquinho no crepe manguinha bufante',0,38.00,69.99,'2022-09-18 23:48:05',1),(226,'blusa nozinho na frente no crepe liso',1,15.00,27.99,'2022-09-18 23:49:03',0),(227,'croopde manga comprida no viscolinho',2,22.00,44.99,'2022-09-18 23:49:58',0),(228,'vestido viscose forrado [borboleta]',1,45.00,69.99,'2022-09-18 23:51:14',0),(229,'croopde amarraçao nas costas alfaiataria',0,20.00,29.99,'2022-09-18 23:52:12',1),(230,'vestido tubinho manga comprida babado embaixo',1,25.00,39.99,'2022-09-18 23:53:47',0),(231,'vestido decote V [drile]',1,30.00,54.99,'2022-09-18 23:54:48',0),(232,'vestido golinha no lurex',1,35.00,64.99,'2022-09-18 23:55:38',0),(233,'bata manguinha curta',1,15.00,24.99,'2022-09-18 23:56:22',0),(234,'vestido no suplex manga comprida franzido atras',1,20.00,34.99,'2022-09-18 23:57:30',0),(235,'blusa babado listras',1,15.00,24.99,'2022-09-18 23:58:11',0),(236,'saia gode botoes no bengaline',0,18.00,34.99,'2022-09-18 23:58:57',1),(237,'croopde onça no suplex',1,10.00,19.99,'2022-09-18 23:59:41',0),(238,'body reto no suplex',1,12.00,19.99,'2022-09-19 00:00:49',0),(239,'short/saia no bengaline trança e babado',1,15.00,24.99,'2022-09-19 00:03:32',0),(240,'blusa no crepe manga ciganinha',0,10.00,19.99,'2022-09-19 00:04:17',1),(241,'blusa alcinha com fivela',1,15.00,24.99,'2022-09-19 00:05:10',0),(242,'blusa alcinha com amarracao na alça',1,15.00,24.99,'2022-09-19 00:06:12',0),(243,'croopde renda alcinha fina',1,12.00,19.99,'2022-09-19 00:07:18',0),(244,'croopde renda oncinha',1,17.00,29.99,'2022-09-19 00:08:08',0),(245,'croopde suplex ciganinha lacinho na frente',1,12.00,19.99,'2022-09-19 00:09:14',0),(246,'saia tipo napa',1,10.00,19.99,'2022-09-19 00:09:52',0),(247,'short elastex estampado no viscose',2,12.00,19.99,'2022-09-19 00:10:42',0),(248,'short no tricoline cenoura',1,10.00,19.99,'2022-09-19 00:11:37',0),(249,'short estampado no viscose',2,8.00,19.99,'2022-09-19 00:12:12',0),(250,'short no viscose tirinha larga',1,10.00,19.99,'2022-09-19 00:13:08',0),(251,'short no viscose forrado',0,12.00,24.99,'2022-09-19 00:13:51',1),(252,'short no crepe listras',1,15.00,24.99,'2022-09-19 00:14:36',0),(253,'body paetes frente unica',1,25.00,29.99,'2022-09-19 00:15:14',0),(254,'calça no suplex bolso atras',1,30.00,44.99,'2022-09-19 00:16:18',0),(255,'macaquinho alfaiataria plus',1,40.00,59.99,'2022-09-19 00:17:02',0),(256,'vestido longo estampa de coco',1,45.00,59.99,'2022-09-19 00:17:46',0),(257,'camisa do brasil furadinha',1,14.00,24.99,'2022-10-12 19:56:36',1),(258,'camisa do brasil nome atrás',0,13.00,24.99,'2022-10-12 19:58:17',1),(259,'macacao pantalona no viscose [rosa canela]',1,55.00,110.00,'2022-10-12 20:02:08',0),(260,'vestidos de tricô um lado só',1,16.00,29.99,'2022-10-12 20:04:52',1),(261,'croopde em tricô bandeira do brasil',0,13.00,19.99,'2022-10-12 20:06:07',1),(262,'croopde tricô costa nua',0,13.00,22.99,'2022-10-12 20:06:55',1),(263,'croopde tricô colorido',-1,13.00,22.99,'2022-10-12 20:08:06',1),(264,'blusa no crepe seda G2 plus',1,15.00,34.99,'2022-10-12 20:10:11',0),(265,'blusa alcinha botão e nó no crepe seda',2,13.00,27.99,'2022-10-12 20:11:25',0),(266,'blusa alcinha franzida na frente no crepe seda',1,13.00,27.99,'2022-10-12 20:13:16',0),(267,'blusa manguinha c\\ detalhe na frente no crepe seda',0,14.00,27.99,'2022-10-12 20:21:02',1),(268,'blusa manguinha com elastico na frente no crepe seda',0,14.00,27.99,'2022-10-12 20:26:47',1),(269,'blusa com detalhe na golinha s\\ manguinha no crepe seda',2,14.00,27.99,'2022-10-12 20:28:40',1),(270,'blusa com detalhe na golinha com manguinha no crepe seda',1,14.00,27.99,'2022-10-12 20:29:52',0),(271,'beg media pespontada',2,48.00,89.99,'2022-10-12 20:31:09',0),(272,'vestido no viscolinho botão brilho',1,35.00,64.99,'2022-10-12 20:33:04',0),(273,'biquini curtininha biju de buzio',0,27.00,44.99,'2022-10-12 20:37:32',1),(274,'biquine cortininha acentinado',1,38.99,64.99,'2022-10-12 20:39:05',0),(275,'biquine cortininha amarração na frente',1,16.00,29.99,'2022-10-12 20:41:03',0),(276,'biquine cintura alta acentinado de lado só',1,59.99,79.99,'2022-10-12 20:43:08',0),(277,'canga acentinada onça e frutas',2,15.00,24.99,'2022-10-12 20:44:58',0),(278,'saida de praia listras',1,12.00,19.99,'2022-10-12 20:46:04',0),(279,'short jeans com lycra abertura na frente',2,29.00,54.99,'2022-10-12 20:47:20',1),(280,'vestido longo no viscolinho elastex e manga bufante',1,50.00,110.00,'2022-10-12 20:48:55',0),(281,'croopde babado com amarração no viscose',1,20.00,34.99,'2022-10-12 20:50:42',0),(282,'vestido malha prada argola e manga longa',1,45.00,89.99,'2022-10-12 20:52:19',0),(283,'croopde babado lateral com amarração atrás',2,20.00,34.99,'2022-10-12 20:53:43',0),(284,'croopde um lado só com flor no viscose',1,20.00,34.99,'2022-10-12 20:54:48',0),(285,'blusa X na frente GG no viscose',0,20.00,39.99,'2022-10-12 20:56:03',1),(286,'body tricô modal V na frente',1,37.00,59.99,'2022-10-12 20:57:48',1),(287,'body tricô modal reto',1,37.00,59.99,'2022-10-12 20:58:58',0),(288,'vestido manga comprida dois babados [bata]',1,60.00,99.99,'2022-10-12 21:00:19',0),(289,'macaquinho botões e babado plus tecido duna',2,48.00,89.99,'2022-10-12 21:02:34',0),(290,'calça no linho com cinto quadrado',1,48.00,79.99,'2022-10-12 21:03:34',0),(291,'vestido tubinho com amarração na alça',1,18.00,29.99,'2022-10-12 21:04:43',0),(292,'conjunto no crepe short\\saia croopde com amarração atrás',1,18.00,34.99,'2022-10-12 21:06:28',0),(293,'conjunto de saia e croopde amarração atrás no crepe',1,18.00,34.99,'2022-10-12 21:25:21',0),(294,'conjunto de short\\saia e croopde com babado na manga no crepe',1,18.00,34.99,'2022-10-12 21:26:34',0),(295,'vestido de golinha vazado nas laterais na malha prada',1,45.00,89.99,'2022-10-12 21:28:05',0),(296,'short forrado no viscose',1,13.00,24.99,'2022-10-12 21:39:09',0),(297,'tshirt tigre com frase encima',0,11.00,24.99,'2022-10-12 21:40:25',1),(298,'tshirt frases',1,11.00,24.99,'2022-10-12 21:46:16',1),(299,'tshirt frases com punho na manga',4,13.00,24.99,'2022-10-12 21:47:42',0),(300,'blusa do brasil manguinha no canelado',1,13.00,19.99,'2022-10-12 21:49:29',0),(301,'blusa basica V na frente cores do brasil',-1,15.00,24.99,'2022-10-12 21:50:52',1),(302,'blusa basica bolso na frente',2,15.00,24.99,'2022-10-12 21:56:55',0),(303,'blusa basica com renda no busto',2,13.00,24.99,'2022-10-12 21:58:23',0),(304,'blusa basica babado na manga',-1,13.00,24.99,'2022-10-12 21:59:12',1),(305,'blusa basica muscle teem',1,13.00,24.99,'2022-10-12 21:59:54',1),(308,'tiara lacinho',2,4.00,8.00,'2022-10-12 22:11:25',0),(309,'brinco formato 8',1,4.00,9.99,'2022-10-12 22:15:22',0),(310,'argola P de bolinha',1,4.00,9.99,'2022-10-12 22:16:44',0),(311,'brinco argola',1,4.00,9.99,'2022-10-12 22:17:36',0),(312,'brinco formato concha',1,4.00,9.99,'2022-10-12 22:18:08',0),(313,'brinco resina',2,4.00,9.99,'2022-10-12 22:18:49',0),(314,'kit de pulseira com brinco',1,5.00,9.99,'2022-10-12 22:19:36',0),(315,'oculos',8,10.00,19.99,'2022-10-12 22:20:40',1),(316,'blusa no crepe com fivela na alça',0,15.00,24.99,'2022-10-12 22:25:39',1),(317,'short no crepe plus',1,15.00,34.99,'2022-10-12 22:26:12',0),(318,'mine bag pespontada',1,35.00,59.99,'2022-10-26 13:58:06',0),(320,'cinto fino fivela trabalhada',4,5.00,9.99,'2022-10-26 14:22:07',0),(321,'cinto fininho fivela trabalhada',1,5.00,9.99,'2022-10-26 14:23:10',0),(322,'cinto fino de onça',1,5.00,9.99,'2022-10-26 14:24:17',0),(323,'cinto onça fivela preta',1,10.00,19.99,'2022-10-26 14:25:35',0),(324,'cinto fivela redonda',1,10.00,19.99,'2022-10-26 14:27:06',0),(325,'cinto fino duas fivelas',2,10.00,19.99,'2022-10-26 14:33:24',0),(326,'tiara de bolinha',4,4.00,9.99,'2022-10-26 14:34:30',1),(327,'tiara de perola fininha',1,5.00,9.99,'2022-10-26 14:35:14',0),(328,'tiara de corrente dourada',1,5.00,9.99,'2022-10-26 14:36:02',0),(329,'brinco resina quadrado',1,4.00,9.99,'2022-10-26 14:38:12',0),(330,'brinco resina borboleta',1,4.00,9.99,'2022-10-26 14:39:18',0),(331,'calça no linho GG',1,24.00,49.99,'2022-10-26 14:40:19',0),(332,'short social no brim',1,20.00,39.99,'2022-10-26 14:44:02',0),(333,'croopde manga bufante no brim',1,20.00,34.99,'2022-10-26 14:47:16',0),(334,'croopde manga babado no crepe seda',1,20.00,34.99,'2022-10-26 14:48:26',0),(335,'croopde manga bufante botoes plus no crepe duna',1,25.00,44.99,'2022-10-26 14:49:34',0),(336,'short clochard no linho',2,14.00,24.99,'2022-10-26 14:50:26',0),(337,'calça social zara',0,45.00,79.99,'2022-10-26 14:56:41',1),(338,'short jeans branco com lycra e cinto',3,33.00,54.99,'2022-10-26 14:57:29',0),(339,'croopde reto com a alça trancada no tricot',2,10.00,19.99,'2022-10-26 14:59:11',1),(340,'bata croopde alcinha no crepe duna',2,25.00,44.99,'2022-10-26 15:01:37',0),(341,'macaquinho vestido no viscolinho',0,28.00,49.99,'2022-10-26 15:03:43',1),(342,'blusa manguinha golinha V no crepe seda',1,14.00,27.99,'2022-10-26 15:05:19',0),(343,'blusa manguinha princesa no crepe seda',4,14.00,27.99,'2022-10-26 15:06:12',0),(344,'blusa alcinha babado no crepe seda',1,13.00,27.99,'2022-10-26 15:07:57',0),(346,'short em linho corrente',2,25.00,44.99,'2022-10-26 15:13:03',0),(347,'conjunto de calça plus no viscolinho',1,48.00,84.99,'2022-10-26 15:14:06',0),(348,'blusa de manguinha com perola na gola no crepe seda',0,14.00,27.99,'2022-10-26 15:15:13',0),(349,'croopde colorido no tricot',2,14.00,22.99,'2022-10-26 15:16:00',0),(350,'croopde faixa amarracao no pescoço tricot',2,12.00,19.99,'2022-10-26 15:17:06',1),(351,'croopde manguinha princesa no crepe ribana',2,17.00,34.99,'2022-10-26 15:18:14',0),(352,'croopde argola e X na frente no crepe ribana',2,17.00,34.99,'2022-10-26 15:19:16',0),(353,'croopde manguinha em renda',2,17.00,34.99,'2022-10-26 15:20:12',0),(354,'vestido canelado do brasil',0,12.00,19.99,'2022-10-26 15:20:52',1),(355,'vestido longo amarracao na alça no crepe seda',1,70.00,120.00,'2022-10-26 15:22:12',0),(356,'vestido longo manga cumprida no crepe duna',1,80.00,149.99,'2022-10-26 15:23:26',0),(357,'blusa golinha canelada',2,9.00,19.99,'2022-10-26 15:26:39',0),(358,'blusa manguinha com babado no canelado',2,9.00,19.99,'2022-10-26 15:27:27',1),(359,'short jeans flores bordado',2,30.00,54.99,'2022-10-26 15:28:07',0),(360,'short jeans brasil bordado',3,30.00,54.99,'2022-10-26 15:29:44',0),(361,'short clochard no crepe seda',1,15.00,24.99,'2022-10-26 15:30:37',0),(362,'tshirt croopde onça no algodao',1,9.00,19.99,'2022-10-26 15:31:29',0),(363,'blusa com babado na gola no fio torcido',1,15.00,24.99,'2022-10-26 15:33:18',0),(364,'croopde botao no viscose',1,15.00,24.99,'2022-10-26 15:33:55',0),(365,'vestido manguinha no tricot modal',1,45.00,79.00,'2022-10-26 15:34:39',0),(366,'croopde stras',0,55.00,79.99,'2022-11-14 21:00:33',1),(367,'vestido botões pipoca plus',1,45.00,79.99,'2022-11-14 21:04:33',0),(368,'conjunto de short no viscolinho plus',1,40.00,89.99,'2022-11-14 21:05:52',0),(369,'vestido no viscolinho pipoca plus',1,40.00,79.99,'2022-11-14 21:13:22',0),(370,'saia em alfaiataria bella',1,35.00,59.99,'2022-11-14 21:14:51',0),(371,'vestido uma manga só no crepe luxo',2,40.00,79.99,'2022-11-14 21:15:55',0),(372,'short com cinto botão no bolso no crepe luxo',1,25.00,49.99,'2022-11-14 21:17:19',0),(373,'short saia com cinto no crepe luxo',1,25.00,49.99,'2022-11-14 21:20:29',0),(374,'short saia frente e tras no crepe luxo',2,25.00,49.99,'2022-11-14 21:21:20',0),(375,'short em alfaiataria cinto bolinha',2,35.00,59.99,'2022-11-14 21:22:25',0),(376,'short com cinto transparente em alfaiataria',2,35.00,59.99,'2022-11-14 21:23:19',0),(377,'croopde alcinha trancada no alfaiataria',1,25.00,44.99,'2022-11-14 21:24:34',0),(378,'croopde costa nua e golinha em alfaiataria',1,25.00,44.99,'2022-11-14 21:26:14',0),(379,'croopde alcinha fina e outra babado em alfaiataria',1,25.00,44.99,'2022-11-14 21:27:15',0),(380,'blusa manga curta com babado e bolinha na frente',1,35.00,59.99,'2022-11-14 21:29:13',0),(381,'blusa manga e bordado na frente',1,35.00,59.99,'2022-11-14 21:30:30',0),(382,'vestido um lado só com amarração de um lado no duna',1,35.00,79.99,'2022-11-14 21:32:12',0),(383,'blusa com bolsinho na frente nas cores do brasil no fio torcido',1,15.00,24.99,'2022-11-14 21:33:38',0),(384,'blusa manga princesa nas cores do brasil no fio torcido',0,15.00,24.99,'2022-11-14 21:34:50',1),(385,'vestido brilho amarração no pescoço',1,40.00,69.99,'2022-11-14 21:36:30',0),(386,'vestido no paetes frente unica',1,75.00,139.99,'2022-11-14 21:37:20',0),(387,'bag pochete no brilho',1,18.00,34.99,'2022-11-14 21:38:02',0),(388,'short saia botões laterais no bengaline',0,15.00,29.99,'2022-11-14 21:39:18',1),(389,'short saia bolso e fenda na frente no bengaline',1,15.00,29.99,'2022-11-14 21:40:12',0),(390,'short saia fenda lateral no bengaline',1,15.00,29.99,'2022-11-14 21:42:46',0),(391,'vestido longo frente unica no duna',1,75.00,139.99,'2022-11-14 21:45:52',0),(392,'short jeans cordinha iris jeans',1,30.00,54.99,'2022-11-14 21:46:53',0),(393,'short jeans chaveiro na riata iris jeans',1,30.00,54.99,'2022-11-14 21:47:57',0),(394,'short jeans destroide iris jeans',1,30.00,54.99,'2022-11-14 21:48:48',0),(395,'short com cinto jeans branco ambely',2,40.00,64.99,'2022-11-14 21:49:58',0),(396,'short branco plus com bolinhas de metal no bolso',1,40.00,64.99,'2022-11-14 21:51:53',0),(397,'short preto ambely plus',1,40.00,64.99,'2022-11-14 21:52:42',0),(398,'short com cinto plus de cor ambely',2,40.00,64.99,'2022-11-14 21:54:29',0),(399,'conjunto de calça no linho',2,80.00,149.99,'2022-11-14 21:55:33',0),(400,'macaquinho saia no crepe seda',1,30.00,59.99,'2022-11-14 21:56:30',0),(401,'saia ponta em alfaiataria',1,40.00,69.99,'2022-11-14 21:57:23',0),(402,'croopde manga plissada no duna',1,45.00,64.99,'2022-11-14 21:58:22',1),(403,'blazer botões em alfaiataria',1,59.99,99.99,'2022-11-14 21:59:33',0),(404,'vestido longo no crepe seda elastex na parte do peito',1,70.00,119.99,'2022-11-14 22:01:01',0),(405,'calça pinça na perna em alfaiataria',1,40.00,79.99,'2022-11-14 22:02:59',0),(406,'vestido com elastico embaixo no duna',1,35.00,64.99,'2022-11-14 22:04:56',0),(407,'macaquinho manga bufante no crepe duna',1,35.00,64.99,'2022-11-14 22:05:43',0),(408,'macaquinho saia alcinha amarração do lado no crepe duna',-1,35.00,64.99,'2022-11-14 22:07:02',1),(409,'calça pantalona dois botões no crepe duna',1,35.00,64.99,'2022-11-14 22:08:32',1),(410,'biquini decote v alça larga',0,28.00,49.99,'2022-11-14 22:09:24',1),(411,'calça no trico saida de praia',1,27.00,49.99,'2022-11-14 22:10:56',0),(412,'calça com cinto em alfaiataria',2,60.00,89.99,'2022-11-14 22:11:47',0),(413,'calça prada com cinto',1,45.00,79.99,'2022-11-14 22:12:25',0),(414,'short segunda pele',1,4.00,9.99,'2022-11-14 22:13:07',1),(415,'conjunto 3D com saia amarrada do lado',1,45.00,99.99,'2022-11-14 22:14:07',0),(416,'brinco strass cumprido',2,15.00,24.99,'2022-11-28 00:08:58',1),(417,'brinco florzinha com perola',1,4.00,9.99,'2022-11-28 00:09:46',0),(418,'vestido duna argola no meio curto',1,35.00,64.99,'2022-11-28 00:10:47',0),(419,'conjunto de calca com fenda no crepe duna',0,45.00,89.99,'2022-11-28 00:11:52',1),(420,'croopde flor no crepe duna',1,25.00,44.99,'2022-11-28 00:12:32',0),(421,'saia lurex',1,15.00,24.99,'2022-11-28 00:13:02',0),(422,'vestido alcinha no lurex',1,20.00,34.99,'2022-11-28 00:13:50',0),(423,'calca plus no lurex',1,60.00,79.99,'2022-11-28 00:14:47',0),(424,'thisrt croopde',2,10.00,19.99,'2022-11-28 00:16:05',0),(425,'vestido golinha listras',1,12.00,19.99,'2022-11-28 00:16:53',0),(426,'conjunto short saia plus no viscolinho',1,45.00,79.99,'2022-11-28 00:18:06',0),(427,'croopde babado com as mangas no tule',1,15.00,24.99,'2022-11-28 00:20:48',0),(428,'short jeans com cinto',1,37.00,64.99,'2022-11-28 00:21:43',1),(429,'vestido longo com alças de babado no crepe duna',1,60.00,110.00,'2022-11-28 00:22:54',0),(430,'conjunto de calca e croopde no crepe duna',1,60.00,99.99,'2022-11-28 00:24:15',0),(431,'vestido longo manguinha no crepe duna',1,60.00,110.00,'2022-11-28 00:24:58',0),(432,'croopde pedraria',1,38.00,59.99,'2022-11-28 00:25:58',0),(433,'vestido colado de uma manga só puxado de lado',1,26.00,49.99,'2022-11-28 00:27:09',0),(434,'macaquinho 3D no suplex',1,25.00,49.99,'2022-11-28 00:27:49',1),(435,'vestido de uma alça só no suplex',1,25.00,49.99,'2022-11-28 00:29:59',0),(436,'vestido de um lado só no tricot modal',0,70.00,129.99,'2022-11-28 00:31:05',1),(437,'vestido com babado nas mangas no tricot modal',1,50.00,89.99,'2022-11-28 00:31:53',0),(438,'vestido ciganinha no tricot modal',1,50.00,89.99,'2022-11-28 00:32:37',0),(439,'blusa manguinha com trancinha na gola no crepe duna',1,20.00,34.99,'2022-11-28 00:33:47',1),(440,'blusa manguinha com babado na manga no crepe duna',1,20.00,34.99,'2022-11-28 00:34:55',1),(441,'macaquinho vestido no crepe duna',1,35.00,69.99,'2022-11-28 00:36:44',0),(442,'croopde de um lado só no lurex',1,25.00,44.99,'2022-11-28 00:37:37',0),(443,'croopde de manguinha com lacinho nas mangas no crepe duna',1,25.00,44.99,'2022-11-28 00:39:23',0),(444,'bata de um lado só no crepe duna',0,25.00,44.99,'2022-11-28 00:41:30',1),(445,'vestido duna plissado manga longa',1,35.00,69.99,'2022-12-12 12:11:07',0),(446,'vestido coração em linho',1,30.00,69.99,'2022-12-12 12:12:55',0),(447,'vestido alcinha babado no duna pipoca',0,35.00,69.99,'2022-12-12 12:13:43',1),(448,'vestido macaquinho alcinha no duna',1,35.00,69.99,'2022-12-12 12:14:25',0),(449,'croopde franzido no crepe luxo',1,23.00,44.99,'2022-12-12 12:17:22',0),(450,'macaquinho de um lado só no duna',1,35.00,69.99,'2022-12-12 12:18:33',0),(451,'vestido plissado na frente no lurex',1,40.00,69.99,'2022-12-12 12:29:10',0),(452,'short saia no bengaline frente arredondada',2,15.00,29.99,'2022-12-12 12:30:22',0),(453,'short saia no bengaline botões e bolso',0,15.00,29.99,'2022-12-12 12:31:28',1),(454,'short cordinha em alfaiataria',1,35.00,64.99,'2022-12-12 12:51:25',0),(455,'short saia com cinto no suplex',2,25.00,44.99,'2022-12-12 12:52:46',0),(456,'calça pantalona no crepe duna',2,35.00,64.99,'2022-12-12 12:54:08',0),(457,'short jeans basico no bege',3,30.00,54.99,'2022-12-12 12:56:09',0),(458,'calça pantalona fenda no viscolinho',1,35.00,59.99,'2022-12-12 12:57:29',0),(459,'short jeans botoes forrado',2,30.00,54.99,'2022-12-12 12:59:11',0),(460,'short jeans botões rosa',2,32.00,64.99,'2022-12-12 13:00:22',0),(461,'relogio com pulseira',1,18.00,34.99,'2022-12-12 13:02:35',0),(462,'oculos',2,17.00,34.99,'2022-12-12 13:03:14',0),(463,'lipe para os seios',2,5.50,12.00,'2022-12-12 13:05:28',0);
INSERT INTO `venda_produto` VALUES (12,138,1,'2022-09-18 22:58:34'),(13,124,1,'2022-09-18 23:00:46'),(14,161,1,'2022-09-18 23:01:45'),(15,162,1,'2022-09-18 23:02:51'),(16,216,1,'2022-10-04 13:46:48'),(17,138,1,'2022-10-04 13:47:41'),(18,225,1,'2022-10-04 13:48:46'),(19,90,1,'2022-10-04 13:51:18'),(19,170,1,'2022-10-04 13:51:18'),(19,114,1,'2022-10-04 13:51:18'),(20,127,1,'2022-10-04 13:52:31'),(21,57,1,'2022-10-04 13:53:17'),(22,142,1,'2022-10-04 13:54:18'),(23,156,1,'2022-10-04 15:42:48'),(23,251,1,'2022-10-04 15:42:48'),(24,109,1,'2022-10-04 23:44:58'),(25,61,1,'2022-10-04 23:51:19'),(25,170,1,'2022-10-04 23:51:19'),(26,139,1,'2022-10-04 23:51:56'),(27,68,1,'2022-10-04 23:53:47'),(27,48,1,'2022-10-04 23:53:47'),(27,50,1,'2022-10-04 23:53:47'),(28,160,1,'2022-10-04 23:55:56'),(29,174,1,'2022-10-04 23:58:14'),(30,167,1,'2022-10-05 00:22:29'),(31,133,1,'2022-10-07 15:35:53'),(31,109,1,'2022-10-07 15:35:53'),(32,33,1,'2022-10-07 15:39:14'),(32,95,1,'2022-10-07 15:39:14'),(32,108,1,'2022-10-07 15:39:14'),(32,79,1,'2022-10-07 15:39:14'),(33,279,1,'2022-10-12 21:34:06'),(33,171,1,'2022-10-12 21:34:06'),(34,27,1,'2022-10-12 22:02:03'),(35,315,1,'2022-10-12 22:22:13'),(35,113,1,'2022-10-12 22:22:13'),(36,316,1,'2022-10-12 22:26:56'),(37,107,1,'2022-10-14 22:53:06'),(37,304,1,'2022-10-14 22:53:06'),(38,107,1,'2022-10-14 22:55:34'),(38,304,1,'2022-10-14 22:55:34'),(39,240,1,'2022-10-14 23:03:58'),(39,34,1,'2022-10-14 23:03:58'),(39,305,1,'2022-10-14 23:03:58'),(40,305,1,'2022-10-14 23:07:30'),(40,240,1,'2022-10-14 23:07:30'),(40,34,1,'2022-10-14 23:07:30'),(41,163,1,'2022-10-16 00:29:52'),(41,267,1,'2022-10-16 00:29:52'),(41,268,1,'2022-10-16 00:29:52'),(42,263,1,'2022-10-16 00:31:36'),(43,143,1,'2022-10-16 00:32:18'),(44,73,1,'2022-10-16 00:37:08'),(45,236,1,'2022-10-17 12:41:55'),(45,163,1,'2022-10-17 12:41:55'),(46,115,1,'2022-10-22 16:44:49'),(47,43,1,'2022-10-22 16:45:21'),(48,297,1,'2022-10-22 17:09:56'),(48,304,1,'2022-10-22 17:09:56'),(49,43,1,'2022-10-26 15:36:26'),(50,163,1,'2022-10-26 21:08:55'),(51,167,1,'2022-10-26 21:11:05'),(51,83,1,'2022-10-26 21:11:05'),(51,350,1,'2022-10-26 21:11:05'),(52,263,1,'2022-10-27 20:35:33'),(53,173,1,'2022-10-27 20:36:01'),(54,157,1,'2022-10-27 20:37:05'),(55,260,1,'2022-10-27 20:39:09'),(56,341,1,'2022-10-27 20:39:47'),(57,87,1,'2022-10-29 16:09:07'),(58,273,1,'2022-10-29 16:09:46'),(59,257,1,'2022-10-29 22:06:34'),(60,298,1,'2022-10-29 22:07:14'),(61,301,1,'2022-10-31 10:49:22'),(61,261,1,'2022-10-31 10:49:22'),(61,354,1,'2022-10-31 10:49:22'),(61,354,1,'2022-10-31 10:49:22'),(61,150,1,'2022-10-31 10:49:22'),(62,94,1,'2022-11-02 14:01:01'),(62,94,1,'2022-11-02 14:01:01'),(62,213,1,'2022-11-02 14:01:01'),(63,43,1,'2022-11-02 14:01:55'),(63,43,1,'2022-11-02 14:01:55'),(64,80,1,'2022-11-03 20:21:24'),(65,169,1,'2022-11-05 14:01:18'),(66,43,1,'2022-11-05 14:01:45'),(67,140,1,'2022-11-07 20:47:22'),(67,219,1,'2022-11-07 20:47:22'),(67,28,1,'2022-11-07 20:47:22'),(68,173,1,'2022-11-07 20:49:38'),(68,79,1,'2022-11-07 20:49:38'),(68,115,1,'2022-11-07 20:49:38'),(69,170,1,'2022-11-07 20:50:34'),(69,133,1,'2022-11-07 20:50:34'),(70,139,1,'2022-11-07 21:52:47'),(70,79,1,'2022-11-07 21:52:47'),(71,93,1,'2022-11-07 21:58:49'),(71,114,1,'2022-11-07 21:58:49'),(71,122,1,'2022-11-07 21:58:49'),(71,26,1,'2022-11-07 21:58:49'),(71,175,1,'2022-11-07 21:58:49'),(71,185,1,'2022-11-07 21:58:49'),(72,34,1,'2022-11-08 15:31:38'),(72,339,1,'2022-11-08 15:31:38'),(73,339,1,'2022-11-08 21:40:10'),(74,88,1,'2022-11-08 21:41:46'),(75,74,1,'2022-11-08 21:44:02'),(75,91,1,'2022-11-08 21:44:02'),(76,195,1,'2022-11-08 21:47:59'),(76,83,1,'2022-11-08 21:47:59'),(77,98,1,'2022-11-08 21:55:46'),(77,98,1,'2022-11-08 21:55:46'),(77,304,1,'2022-11-08 21:55:46'),(77,79,1,'2022-11-08 21:55:46'),(77,83,1,'2022-11-08 21:55:46'),(77,251,1,'2022-11-08 21:55:46'),(78,337,1,'2022-11-08 21:58:37'),(79,211,1,'2022-11-09 22:27:03'),(80,116,1,'2022-11-11 17:39:33'),(80,90,1,'2022-11-11 17:39:33'),(80,229,1,'2022-11-11 17:39:33'),(80,100,1,'2022-11-11 17:39:33'),(80,209,1,'2022-11-11 17:39:33'),(80,177,1,'2022-11-11 17:39:33'),(80,97,1,'2022-11-11 17:39:33'),(80,173,1,'2022-11-11 17:39:33'),(81,112,1,'2022-11-11 17:42:58'),(81,131,1,'2022-11-11 17:42:58'),(82,196,1,'2022-11-11 17:46:05'),(82,197,1,'2022-11-11 17:46:05'),(82,262,1,'2022-11-11 17:46:05'),(83,409,1,'2022-11-17 22:36:50'),(83,80,1,'2022-11-17 22:36:50'),(84,113,1,'2022-11-17 22:37:33'),(85,269,1,'2022-11-23 21:33:41'),(85,44,1,'2022-11-23 21:33:41'),(85,56,1,'2022-11-23 21:33:41'),(85,50,1,'2022-11-23 21:33:41'),(85,52,1,'2022-11-23 21:33:41'),(85,326,1,'2022-11-23 21:33:41'),(86,258,1,'2022-11-28 00:41:58'),(87,428,1,'2022-11-29 12:28:43'),(88,315,1,'2022-11-29 12:29:52'),(89,410,1,'2022-11-30 13:45:50'),(90,428,1,'2022-11-30 13:47:42'),(90,200,1,'2022-11-30 13:47:42'),(91,436,1,'2022-11-30 23:37:37'),(91,416,1,'2022-11-30 23:37:37'),(92,434,1,'2022-11-30 23:39:05'),(92,408,1,'2022-11-30 23:39:05'),(93,358,1,'2022-12-01 17:28:16'),(94,285,1,'2022-12-01 17:30:29'),(95,366,1,'2022-12-02 12:26:50'),(96,440,1,'2022-12-02 12:27:59'),(96,439,1,'2022-12-02 12:27:59'),(97,326,1,'2022-12-02 20:12:39'),(97,326,1,'2022-12-02 20:12:39'),(97,301,1,'2022-12-02 20:12:39'),(98,199,1,'2022-12-02 20:15:19'),(99,201,1,'2022-12-02 20:21:16'),(99,384,1,'2022-12-02 20:21:16'),(100,139,1,'2022-12-02 20:23:02'),(100,206,1,'2022-12-02 20:23:02'),(101,388,1,'2022-12-07 15:06:00'),(102,414,1,'2022-12-07 15:06:30'),(103,453,1,'2022-12-17 12:02:52'),(103,419,1,'2022-12-17 12:02:52'),(103,402,1,'2022-12-17 12:02:52'),(104,286,1,'2022-12-17 12:03:40'),(105,447,1,'2022-12-17 12:06:22'),(105,408,1,'2022-12-17 12:06:22'),(106,444,1,'2022-12-17 12:55:55');